address,bank_name,email,fax,name,phone,rib,website,responsible_person_id
9 Waubesa Avenue,City Bank,bgoodhay0@globo.com,0590777829,Gigaclub,0508198609,227377822559265599854004,http://redcross.org,222
91311 Nobel Junction,Regional Savings and Loan,cpaviour1@yellowpages.com,0511033186,Thoughtsphere,0569492509,489625791248720749274967,http://auda.org.au,225
1132 Morrow Street,First National Bank,bbarsam2@lulu.com,0513951171,Realblab,0575130732,047790743392855029112547,https://last.fm,240
6739 Mcbride Pass,First National Bank,alardnar3@miitbeian.gov.cn,0554102779,Gabtune,0523507066,940735927864673940302418,http://ft.com,226
08 Thompson Terrace,First National Bank,araitie4@amazon.com,0598209474,Gevee,0587943948,075686362704220909321836,https://umich.edu,239
1232 Paget Road,City Bank,dhorsell5@ezinearticles.com,0548515588,Dabshots,0507622453,379030662304091944453034,http://163.com,239
280 Veith Way,City Bank,telman6@mozilla.com,0549975010,Browsezoom,0599109976,209410852397746954426401,http://imageshack.us,240
2250 Harper Avenue,City Bank,cskrines7@auda.org.au,0588639111,Dynazzy,0562644023,108113635478008115154128,https://pcworld.com,221
0327 Oxford Way,Community Credit Union,mparrish8@flavors.me,0518130822,Voonte,0526938528,865938649963566509155254,http://is.gd,232
5557 Ludington Pass,Community Credit Union,cstellman9@youtu.be,0526204961,Myworks,0553800709,384924962871217790718278,https://cdc.gov,234
30 Tony Parkway,City Bank,fmaccostyea@mozilla.com,0527637586,Quimm,0543000316,989910278324098835044252,http://sourceforge.net,240
08 Acker Pass,Community Credit Union,rdowderswellb@plala.or.jp,0522185775,Mydo,0549997149,517197986844653403389002,https://independent.co.uk,224
53 Artisan Crossing,First National Bank,nvermanc@bloomberg.com,0568774954,Roodel,0596460768,124718230684155886950667,https://home.pl,227
7001 Ridgeview Lane,First National Bank,harchibaldd@behance.net,0567670271,Gabtype,0528803973,634626191289274442503459,https://bing.com,225
3897 Lotheville Road,Metro Bank,eklimusheve@bloglines.com,0574449816,Blognation,0543118363,017342902381285944917736,https://themeforest.net,235
879 Bultman Hill,Regional Savings and Loan,kmurielf@google.ca,0517113260,Zoomcast,0584291884,988325921013994538538156,https://slashdot.org,232
04 1st Alley,First National Bank,teveryg@cisco.com,0597250499,Thoughtblab,0511518270,902411838183086644851243,https://geocities.jp,234
67 Corry Drive,City Bank,astollardh@microsoft.com,0548285248,Roodel,0537562241,692644061545442534593440,http://apple.com,233
2772 Arizona Pass,Regional Savings and Loan,jmeddicki@patch.com,0557700378,Mita,0512196888,613647764923320205510532,https://adobe.com,233
67719 Dorton Parkway,Regional Savings and Loan,fdibatistaj@booking.com,0541841745,Eabox,0552415819,626779281501099992084611,https://cocolog-nifty.com,239
765 Pleasure Avenue,City Bank,taubink@stumbleupon.com,0516424992,Reallinks,0584524556,593567746436187815961074,http://yellowpages.com,224
6329 Schurz Pass,First National Bank,schubbl@senate.gov,0570875141,Jamia,0508988236,725613183015792649150571,https://unicef.org,224
4679 Bunker Hill Street,Community Credit Union,nellawaym@ed.gov,0517520194,Realcube,0574866054,579693046840658904336150,http://eepurl.com,227
73810 Mallory Parkway,First National Bank,gmyttonn@blogger.com,0593791916,Jazzy,0563554198,744215914488898997305168,https://hugedomains.com,229
4317 Warbler Court,Regional Savings and Loan,npalayo@newyorker.com,0541936656,Aimbo,0570214769,649666289600558367230827,https://cisco.com,227
2 Petterle Park,Community Credit Union,jtorrisip@nasa.gov,0531449498,Bubblemix,0509091286,769652324634639063995594,https://patch.com,232
8816 Alpine Terrace,Regional Savings and Loan,rwelfordq@apache.org,0501273235,Pixoboo,0567481013,898274141094395262001886,http://ted.com,223
21 Messerschmidt Court,Community Credit Union,toliveyr@gravatar.com,0566611611,Voonix,0555265307,891274311810954014674033,http://sciencedaily.com,237
22092 Spaight Way,Regional Savings and Loan,jbullass@cbsnews.com,0530450077,Mudo,0539647871,921259384626930948606924,https://nationalgeographic.com,234
28 Artisan Center,First National Bank,cdurningt@bloomberg.com,0585023282,Rhyzio,0509118774,088820598898883657625712,http://yale.edu,237
0 Hoffman Park,Regional Savings and Loan,losipovu@mtv.com,0586714736,Yodoo,0515365179,234722734262937030887019,http://opera.com,227
3342 Helena Avenue,Community Credit Union,agoftonv@princeton.edu,0522812909,Ozu,0503229241,727266380605672770599091,https://accuweather.com,230
59 Waywood Hill,Regional Savings and Loan,jchessunw@newsvine.com,0567094671,Yodo,0591530286,978013068359548805572447,https://canalblog.com,233
73385 Brown Avenue,First National Bank,nsiemonx@mozilla.org,0506098709,Kare,0559385866,104873630216597455501308,http://oracle.com,240
422 Lawn Trail,Metro Bank,ncutmorey@sphinn.com,0564767414,Quatz,0525674490,073718764244660011812581,https://prlog.org,226
9648 Eggendart Plaza,Regional Savings and Loan,dgoodwynz@angelfire.com,0529250120,Wikizz,0594599378,070591876204087220462160,http://imageshack.us,232
9 North Center,City Bank,ofieller10@usgs.gov,0564273070,Podcat,0519651659,446299539843590979252036,http://naver.com,228
82 Bultman Terrace,City Bank,mgroundwater11@com.com,0586999096,Tagcat,0524175338,474738164150931221294218,http://google.fr,235
5530 Daystar Drive,First National Bank,bschulken12@utexas.edu,0585872216,Twitterlist,0517886643,773532545827892014078553,https://marriott.com,232
16 Coleman Junction,Metro Bank,gwithnall13@nbcnews.com,0585154706,Meeveo,0563760974,419119990704624254558898,https://oakley.com,220
476 Continental Point,Metro Bank,psurcombe14@statcounter.com,0558058053,Divanoodle,0588553562,741378226047154061421256,http://goo.ne.jp,237
198 Delaware Plaza,First National Bank,dharse15@washington.edu,0516032251,Thoughtmix,0548820979,746746483612268453999245,https://geocities.jp,238
363 Scoville Court,First National Bank,ebuttgow16@goo.ne.jp,0545224026,Teklist,0572489857,314823773318962411557589,https://engadget.com,237
9 Sachtjen Circle,Regional Savings and Loan,tkattenhorn17@ow.ly,0520361176,Katz,0521045537,563456342796459726498716,http://stanford.edu,237
816 4th Place,First National Bank,cheinl18@addthis.com,0552109567,Zoonder,0570742798,047955270535937834605515,https://vimeo.com,229
140 Onsgard Way,Community Credit Union,ilovstrom19@ox.ac.uk,0562800429,Photospace,0584757871,082059515643173069881812,https://reuters.com,232
1035 Eagan Plaza,City Bank,showford1a@nature.com,0531887331,Quinu,0519762701,520588971869345080164973,http://51.la,240
66085 Jenna Lane,City Bank,dolivet1b@cargocollective.com,0509541908,Fivechat,0531578915,651334933137480553806541,http://youtube.com,237
2505 Corscot Plaza,City Bank,kbrimelow1c@linkedin.com,0514891521,Skibox,0561329750,506495593723002251904672,https://bloglines.com,223
84813 Pleasure Pass,Regional Savings and Loan,kbarford1d@artisteer.com,0573482085,Skipstorm,0547296907,633726905080669351259782,http://boston.com,226
95 Sullivan Terrace,City Bank,agrindall1e@census.gov,0545790289,Youspan,0597450430,902117314178988871845329,http://stanford.edu,225
56717 Briar Crest Plaza,City Bank,ldwire1f@stumbleupon.com,0528151068,Twitterbeat,0586694055,448954803987014614105495,http://dell.com,229
550 Butternut Lane,First National Bank,sriatt1g@baidu.com,0568839313,Trilith,0527722254,156280639702012808553531,https://nifty.com,238
0038 Londonderry Drive,Community Credit Union,jlillico1h@cocolog-nifty.com,0581415164,Rhycero,0525607583,992530684982372638891840,https://soundcloud.com,223
9490 Westridge Hill,Metro Bank,mlassetter1i@theglobeandmail.com,0598426447,Gigaclub,0544532718,677607423855054192368591,https://ucoz.com,231
3620 Manley Hill,Regional Savings and Loan,flangthorn1j@bing.com,0591892551,Yakijo,0568196671,767525328023237161862320,http://cornell.edu,229
08 Schurz Park,Community Credit Union,sparncutt1k@quantcast.com,0595739045,Skinder,0566620394,400679101726112233171971,http://exblog.jp,226
8 Merchant Court,City Bank,bpiwall1l@behance.net,0598809208,Twimm,0582203673,935270613397947295086385,http://dell.com,234
69837 Nevada Pass,Community Credit Union,credon1m@networkadvertising.org,0557782289,Gabtype,0521075601,294252466947522868554003,http://arizona.edu,229
27 Armistice Terrace,First National Bank,mkunrad1n@ow.ly,0502628223,Vimbo,0501877904,501055123386906468701031,https://auda.org.au,228
9815 Cambridge Crossing,Regional Savings and Loan,gbridgeman1o@ihg.com,0570566446,Mymm,0502658884,366847783322993689620467,https://xrea.com,226
1296 Arapahoe Street,Regional Savings and Loan,rhunnicot1p@eepurl.com,0557483911,Voonyx,0531959766,282673714086508285383579,http://pen.io,229
7396 Brown Avenue,Community Credit Union,nmeekings1q@miibeian.gov.cn,0584238721,Brightdog,0500845458,040737748948336857564505,http://vistaprint.com,229
63043 North Alley,First National Bank,bjosefsohn1r@reuters.com,0530626462,Topicware,0513889173,973120335281073310300860,https://dropbox.com,237
3 Graceland Avenue,Regional Savings and Loan,lipwell1s@tripod.com,0576785050,Flashpoint,0555109344,203537434550078820769901,http://msu.edu,222
47726 Center Crossing,Regional Savings and Loan,didiens1t@omniture.com,0558912431,Gabtype,0563380055,127533763212022062527899,https://i2i.jp,225
7203 Logan Drive,Metro Bank,ccarroll1u@prnewswire.com,0590768530,Gabtype,0550340867,785157634116717242200720,https://uiuc.edu,221
0046 Loftsgordon Place,City Bank,hkinnie1v@infoseek.co.jp,0517225215,Yoveo,0531412457,739664876868241663294283,https://umich.edu,226
2 Merchant Park,City Bank,vfawckner1w@latimes.com,0595196450,Thoughtblab,0531663501,343703732480005089554614,http://devhub.com,233
403 Valley Edge Pass,Regional Savings and Loan,zcurnnok1x@usgs.gov,0517896999,Lazzy,0540339537,198133741866941869258498,https://skype.com,232
1297 Farmco Place,First National Bank,bmeadows1y@hatena.ne.jp,0596532743,Voonyx,0527578895,774883796624685696580081,http://netvibes.com,240
506 Redwing Trail,Community Credit Union,bjedrzejczak1z@photobucket.com,0531848592,Centimia,0551374667,055086413780931993264825,https://irs.gov,236
94 Troy Plaza,Regional Savings and Loan,avarnes20@amazon.de,0553645170,Kare,0573426819,136747287790858577958083,http://mtv.com,233
93 Farragut Point,Regional Savings and Loan,hmacgibbon21@google.com.br,0502171796,Feedfish,0563229957,200406278730199306956313,https://gmpg.org,235
019 Huxley Drive,Regional Savings and Loan,wlandall22@drupal.org,0591843843,Linkbridge,0516861739,530236761800715936236816,http://scientificamerican.com,240
98397 Thackeray Park,First National Bank,cdulany23@google.ca,0575161962,Realblab,0599326962,443635660463054756442913,https://google.fr,239
60028 Alpine Center,City Bank,ccopnar24@vistaprint.com,0579925310,Kanoodle,0569956626,739033702849309295587798,https://goo.ne.jp,225
70 Utah Drive,First National Bank,motson25@salon.com,0555090255,Avamba,0531087236,270906072788763335669183,https://ox.ac.uk,220
3262 Novick Drive,Regional Savings and Loan,prunacres26@mail.ru,0506507321,Fadeo,0508636033,176549505795911811519310,http://webmd.com,232
8 Cordelia Alley,First National Bank,whammill27@ibm.com,0515818390,Vitz,0583987214,529499895371598040737215,https://google.it,233
5 Clemons Hill,City Bank,slinn28@cdbaby.com,0512851603,Skyndu,0541293568,769061442549370637861176,https://answers.com,226
13 Prairieview Point,First National Bank,lblackman29@cnbc.com,0502079710,Feedfire,0584099143,384675953991115267727968,http://wikia.com,239
1861 Harper Park,Metro Bank,rchmiel2a@prweb.com,0525103946,Skyndu,0534472222,068188596161885081118613,http://ning.com,230
26 Glendale Terrace,City Bank,lgreed2b@sitemeter.com,0543010256,Yamia,0565015431,400855361884896764051318,http://cnbc.com,227
863 Ohio Avenue,Community Credit Union,flarrington2c@mashable.com,0544893970,Wikizz,0597468425,041967125384217257095306,https://sciencedaily.com,235
2923 Delaware Street,Community Credit Union,rofener2d@wordpress.org,0554650899,Aibox,0534519072,540854901067106839070164,http://google.co.jp,224
856 Carpenter Circle,City Bank,pknutton2e@indiatimes.com,0594504092,Fivebridge,0579710491,753692905039336707731207,https://theatlantic.com,229
69 Novick Crossing,Metro Bank,pwainer2f@stanford.edu,0544110477,Realblab,0567140141,904947501502911202485571,http://pen.io,236
7 Hayes Parkway,Regional Savings and Loan,cspeariett2g@wufoo.com,0535635417,Wikibox,0568989466,374233063179873393772437,https://bloglines.com,228
5343 Sheridan Pass,First National Bank,ztire2h@wordpress.com,0509787019,Roomm,0525764830,634703955966777170599946,http://google.ca,234
66 Kropf Lane,Community Credit Union,dgunn2i@examiner.com,0536592674,Katz,0560391410,026868737025033159448721,http://biglobe.ne.jp,223
2643 John Wall Street,Metro Bank,tquiddinton2j@unesco.org,0545800476,Babbleblab,0551734418,447011129147692532978608,https://sciencedaily.com,228
75 Hollow Ridge Pass,Regional Savings and Loan,mphiller2k@jalbum.net,0579081287,Skaboo,0583615890,004412276322137814366907,https://google.fr,239
88 Hansons Center,First National Bank,fjarrett2l@va.gov,0548397787,Yakitri,0578496820,782673889245064504648073,https://wp.com,228
2 Rigney Alley,First National Bank,lvondrys2m@smugmug.com,0554482351,Tavu,0547027910,433655395402919622178080,https://a8.net,227
37 Thompson Plaza,Regional Savings and Loan,sdalzell2n@zdnet.com,0577453225,Eire,0524650741,179700778715588377043236,http://timesonline.co.uk,221
61176 Park Meadow Street,Metro Bank,chospital2o@pinterest.com,0556105500,Youtags,0564981479,072369470735613377637211,https://yolasite.com,232
792 6th Point,Metro Bank,bdoey2p@netscape.com,0519911511,Chatterpoint,0510805092,940222198251971674893002,http://aol.com,238
7 Farwell Park,Metro Bank,dlothean2q@google.it,0574808181,Thoughtbeat,0583145087,581047623008708507015001,http://blog.com,230
7698 David Circle,Metro Bank,apickersail2r@wufoo.com,0500905906,Thoughtworks,0508123645,978317014887814534683175,http://oakley.com,222
2 Barnett Plaza,First National Bank,elilywhite2s@gnu.org,0507923174,Avavee,0518773199,604215390734661844689875,http://opera.com,228
634 American Lane,City Bank,jpilger2t@omniture.com,0586363109,Jaxbean,0505377425,826082706923172226768449,http://dyndns.org,237
30261 Summer Ridge Plaza,Metro Bank,hcaris2u@npr.org,0584462138,Demivee,0506456549,436059731788619591460828,http://twitter.com,234
1 Talisman Plaza,First National Bank,bprahm2v@github.io,0556890298,Wikizz,0549137289,431648330936573950613986,https://usgs.gov,238
79748 Sutherland Center,First National Bank,rlyte2w@over-blog.com,0585154030,Zoozzy,0561896340,028171210917128714677135,https://mit.edu,223
5275 Texas Lane,Community Credit Union,igerler2x@nba.com,0537014809,Babbleblab,0545180373,203957033370517866972559,http://nba.com,239
835 Hauk Way,First National Bank,mching2y@rakuten.co.jp,0587343493,Jabberbean,0521213228,508788777180737990847063,https://icio.us,237
414 Burning Wood Junction,Community Credit Union,gsteers2z@usatoday.com,0575441459,Flashspan,0571920476,714429660136228998160315,http://jigsy.com,237
26476 Drewry Hill,Metro Bank,blamba30@phoca.cz,0590743747,Ntags,0531947375,181377165922175925418852,http://drupal.org,239
3670 Morningstar Way,Community Credit Union,cebbotts31@usgs.gov,0576327631,Skinder,0532885527,023833125913637861684856,https://google.co.uk,220
1 Morrow Street,First National Bank,kdurnford32@nifty.com,0546441290,Brainbox,0507679695,458190639198543006987669,https://creativecommons.org,221
0 Pond Court,Regional Savings and Loan,gabrey33@blinklist.com,0594206895,Oyope,0563064945,657737826020812710217991,https://feedburner.com,226
51 Miller Alley,Metro Bank,rfordyce34@bbc.co.uk,0515266666,Avamba,0533469804,869014602082436912741749,https://google.com.br,224
75 Bunting Crossing,Community Credit Union,rreed35@discovery.com,0594291990,Jatri,0591761850,965045844657566561472162,https://weibo.com,225
2309 Monica Circle,Regional Savings and Loan,kcalderon36@devhub.com,0578006751,Trilia,0542256500,976229173928922383537246,https://slideshare.net,234
9864 Nevada Road,City Bank,ccarthy37@devhub.com,0505757999,Zoomzone,0537478446,311548686285797361225153,http://yellowbook.com,232
4 Grover Center,Community Credit Union,jellissen38@yandex.ru,0582518767,Viva,0511814368,069153333869787789420693,http://furl.net,223
49 Sauthoff Lane,Metro Bank,akitlee39@de.vu,0588457850,Browsezoom,0531902180,609378554146090837909206,http://wikipedia.org,223
26 Eastlawn Hill,Metro Bank,mkytter3a@live.com,0569926546,Pixonyx,0535352512,931257780024866671187727,http://opera.com,237
9944 Bluejay Park,Community Credit Union,dthursfield3b@cargocollective.com,0595596336,Wikivu,0503832339,883341111792203379793489,http://com.com,236
74 Comanche Pass,First National Bank,groz3c@toplist.cz,0596297132,Kwilith,0584479147,608518333753457771760423,http://alexa.com,229
5749 Sage Circle,First National Bank,umacguigan3d@reddit.com,0543043614,Flashset,0599531238,418776227829446953656153,https://bizjournals.com,229
46410 Quincy Street,Community Credit Union,jbullar3e@flavors.me,0575822701,Buzzbean,0533853435,613383457729035059133572,http://blogtalkradio.com,220
0 Sutherland Road,First National Bank,sferbrache3f@baidu.com,0559691050,Oyoyo,0540073982,323789625110053470435000,http://nationalgeographic.com,237
40 Bartillon Place,Metro Bank,mstevenson3g@google.nl,0595979983,Skinder,0562100003,972495716832782608506728,https://webmd.com,240
542 Mifflin Alley,City Bank,starver3h@cmu.edu,0515388751,Meembee,0510462180,549412235396562675493025,https://chicagotribune.com,221
8386 Sutteridge Park,City Bank,gmccrie3i@livejournal.com,0574807591,Zoomzone,0534697163,286448086596161705600462,https://nymag.com,236
06540 Hoepker Alley,First National Bank,rsweetman3j@pbs.org,0501188255,Eamia,0539944190,200797331941154338313018,http://unesco.org,234
881 Union Center,Community Credit Union,vwooster3k@woothemes.com,0551339516,Roodel,0598682350,554873074472762998706459,http://slate.com,239
70 Dovetail Point,Community Credit Union,seastgate3l@answers.com,0517997387,Twinte,0511143654,330279598525488171082482,http://nbcnews.com,230
65674 Ruskin Terrace,City Bank,vrapin3m@thetimes.co.uk,0526770750,Trilia,0598295912,765672173923043136131982,http://dell.com,235
95 Manitowish Way,Regional Savings and Loan,dstruther3n@omniture.com,0597735405,Twinte,0577152328,945642856872707458841725,https://bbc.co.uk,236
5 Mendota Park,Regional Savings and Loan,csherston3o@vk.com,0501774698,Kayveo,0588950615,640399954990558695930965,http://sitemeter.com,238
872 Porter Road,First National Bank,slongworthy3p@ifeng.com,0556122124,Kimia,0565095189,841327572220029816586014,https://narod.ru,225
6521 Anhalt Center,Metro Bank,adreher3q@bing.com,0580383776,Jatri,0593578426,511811378651545588981144,https://about.com,236
30 Union Road,City Bank,aberggren3r@chron.com,0564779942,Kazio,0540900292,017560603531013861244745,http://spotify.com,225
567 Glacier Hill Lane,Community Credit Union,ksone3s@blogs.com,0578511287,Agimba,0583007452,068342065800816187847965,http://goodreads.com,226
769 Anthes Crossing,Community Credit Union,crate3t@toplist.cz,0571310661,Livetube,0534764258,203675867679217575727523,https://harvard.edu,238
27 Hansons Place,City Bank,gpaolotto3u@facebook.com,0532569694,Topiczoom,0521356314,484577151242932170384161,http://java.com,234
87999 Fairview Center,Community Credit Union,gdanniel3v@eepurl.com,0502187645,Kayveo,0587364709,332793929659011742974483,http://nbcnews.com,240
77468 Maple Parkway,Metro Bank,lleary3w@rediff.com,0567007401,Dazzlesphere,0552795454,958355340189832336424268,https://marketwatch.com,238
66812 Fair Oaks Drive,City Bank,cbodley3x@networksolutions.com,0517219346,Demivee,0570955129,254341680431705411935702,http://google.de,233
5185 Macpherson Circle,Community Credit Union,wevesque3y@nps.gov,0552870196,Wikivu,0546347390,511094691716123817752890,http://xrea.com,231
80486 Texas Court,First National Bank,aautrie3z@toplist.cz,0571704032,Tanoodle,0550745311,039642325760670517214335,https://jimdo.com,234
920 Carpenter Lane,City Bank,ealvey40@tinyurl.com,0556890529,Mymm,0528400489,821315074664898029036790,https://themeforest.net,239
0036 Lindbergh Place,Community Credit Union,bbiset41@desdev.cn,0507923037,Teklist,0500298375,912735417839194693739800,http://discovery.com,234
8 Tennyson Center,First National Bank,fvyel42@indiegogo.com,0551255346,Jayo,0551421632,147917791829557175639736,http://ucoz.ru,235
6 Veith Way,Community Credit Union,xtaggart43@feedburner.com,0537369428,Topiclounge,0537580339,252982940353940860039566,http://51.la,235
6 Arkansas Court,Regional Savings and Loan,strimby44@wired.com,0532755883,Twinte,0576520206,614379721950025287988709,http://independent.co.uk,226
3207 Shelley Way,First National Bank,jjamieson45@businessweek.com,0542812193,Youfeed,0567592479,585417140748106493252294,http://yandex.ru,227
